Title,Price,Unit Price
파머스픽 당도선별감귤2.7kg/박스,12980,(100g당 481원)
국산의 힘]장희딸기500g/팩,15980,"(100g당 3,196원)"
(스테비아)대추방울토마토500g,9980,"(100g당 1,996원)"
애플토마토(600g/팩),5980,(100g당 997원)
네추럴 엔비사과 3kg/봉,11980,(100g당 399원)
시나노골드사과 4~7입/봉,8980,"(1개당 8,980원)"
못난이 설향 500g/팩,10980,"(100g당 2,196원)"
대추방울토마토(600g/팩),7980,"(100g당 1,330원)"
냉동망고1kg/봉,13980,"(100g당 1,398원)"
샤인머스켓(1.5kg박스)2~3송이,13980,(100g당 932원)
대용량 황금향 1.4kg/봉,8980,(100g당 641원)
완숙토마토 (6~8입/팩),7980,"(1팩당 7,980원)"
상주곶감(20입/팩),10980,"(1팩당 10,980원)"
(BL)감홍사과 4입/팩,13980,"(1EA당 13,980원)"
고산지사과(4~7입/봉),11980,"(1봉당 11,980원)"
고구마믹스칩80g,4980,"(100g당 6,225원)"
줄단감(5입/봉/대),4980,"(1봉당 4,980원)"
생블루베리(310g/팩),11980,"(100g당 3,865원)"
영암대봉시(4입/팩),7980,"(1팩당 7,980원)"
칠레산체리300g,7980,"(100g당 2,660원)"
베지믹스칩80g,4980,"(100g당 6,225원)"
제주 골드키위(팩),13980,"(1팩당 13,980원)"
청도반시(8~12입)/팩,9980,"(1팩당 9,980원)"
알알이 한입샤인(600g/팩),5980,(100g당 997원)
국산의 힘]금실딸기(500g/팩),21980,"(100g당 4,396원)"
토마주르토마토750g,9980,"(100g당 1,331원)"
(JN)유기농냉동아보카도400g,12980,"(100g당 3,245원)"
CJ 비비고 플랜테이블김치왕교자385g,3480,(100g당 904원)
스위티오파인애플(통),4980,"(1개당 4,980원)"
냉동블루베리1kg/봉,16980,"(100g당 1,698원)"
파머스픽 신고배 2입/봉 1.2kg,16980,"(100g당 1,415원)"
레몬(3입/팩),5980,"(1팩당 5,980원)"
(JN)dole유기농바나나(500~600g/팩),4300,(100g당 860원)
미니 감귤(800g/팩),5980,(100g당 748원)
CJ 비비고 플랜테이블왕교자385g,3480,(100g당 904원)
그린키위 (팩),9980,"(1개당 9,980원)"
냉동 아보카도 500g,12980,"(100g당 2,596원)"
(Au)네이블오렌지6~10입,11980,"(1팩당 11,980원)"
건크랜베리(200g),4980,"(100g당 2,490원)"
델몬트컷파인애플(540g/팩),9980,"(100g당 1,848원)"
건블루베리(400g/봉),16900,"(100g당 4,225원)"
엔부사과 4~6입/봉,15980,"(1개당 15,980원)"
국산냉동딸기500g/봉,11980,"(1봉당 11,980원)"
냉동복숭아1kg/봉,15980,"(100g당 1,598원)"
(NZ)아보카도 5~6입/팩,11980,"(1팩당 11,980원)"
냉동트리플베리500g/봉,13980,"(100g당 2,796원)"
냉동수박1kg/봉,13980,"(100g당 1,398원)"
프리미엄호두정과250g,9980,"(100g당 3,992원)"
냉동왕블루베리500g/봉,11980,"(100g당 2,396원)"
냉동파인애플1kg/봉,13980,"(100g당 1,398원)"
HBAF군옥수수땅콩120g,3980,"(100g당 3,317원)"
HBAF허니로스티드땅콩120g,3980,"(100g당 3,317원)"
(B) 골든고구마칩(200g/봉),6980,"(100g당 3,490원)"
(B)고소한단호박칩160g,6980,"(100g당 5,817원)"
냉동애드워드망고500g/봉,9980,"(1봉당 9,980원)"
HBAF와사비맛땅콩120g,3980,"(100g당 3,317원)"
HBAF사천땅콩120g,3980,"(100g당 3,317원)"
(B)달콤한자색고구마칩(240g/봉),6980,"(100g당 2,908원)"
스위티오파인애플2입/봉,7980,"(1봉당 7,980원)"
씨를 뺀 건자두(500g/봉),7980,"(100g당 1,596원)"
풀무원 식물성 철판제육볶음밥 2인 420g,3480,(100g당 829원)
HBAF로스티드&쏠티드땅콩120g,3980,"(100g당 3,317원)"
풀무원 식물성 불고기철판볶음밥 2인 424g,3480,(100g당 821원)
(B)누룽지&부각스240g,10980,"(100g당 4,392원)"
풀무원 지구식단 큐브강정 매콤바베큐 430g,5980,"(100g당 1,391원)"
라임(3입/팩),5980,"(1팩당 5,980원)"
풀무원 지구식단 텐더마일드 400g,5980,"(100g당 1,495원)"
(B) 꿀땅콩300g/봉,4980,"(100g당 1,660원)"
커피땅콩(220g),4980,"(100g당 2,264원)"
용과(2입/팩),7980,"(1팩당 7,980원)"
메로골드자몽(4~5입/봉),9980,"(1봉당 9,980원)"
(B)빠삭칩(200g/봉),10980,"(100g당 5,490원)"
바나나칩 400g,5980,"(100g당 1,495원)"
건파파야슬라이스180g,9980,"(100g당 5,544원)"
(B)누룽지&부각스 김치볶음밥맛,10980,"(100g당 4,991원)"
자연촌 990 맛있는두부 420g,990,(100g당 236원)
가격역주행 자연촌 국산콩맛있는두부300g x 2,2980,(100g당 497원)
자연촌 990맛있는 콩나물 500g,990,(100g당 198원)
강릉초당두부 550g,2980,(100g당 542원)
(JN)친환경 새송이버섯,1580,"(1봉당 1,580원)"
감자(1.5kg/봉),3980,(100g당 265원)
호박고구마(1.5kg/박스),7980,(100g당 532원)
애호박(개),1980,"(1개당 1,980원)"
맑은물숙주500g,1680,(100g당 336원)
(A)양배추(벌크),4980,"(1개당 4,980원)"
파머스픽 팽이버섯(국산/봉),1480,"(1봉당 1,480원)"
못난이 찰랑고구마(2.5kg/봉),7980,(100g당 319원)
남해시금치(팩),3980,"(1개당 3,980원)"
깨끗한 양배추(통),4980,"(1개당 4,980원)"
반반상추(팩),1980,(100g당 990원)
양파(1.5kg/망),3980,(100g당 265원)
백다다기오이(5입/봉),5980,"(1봉당 5,980원)"
알배기(봉),3480,"(1개당 3,480원)"
대파(봉),4480,"(1봉당 4,480원)"
(JN)친환경 만가닥버섯,1580,"(1팩당 1,580원)"
강릉초당 콩나물480g,1890,(100g당 394원)
모둠쌈(팩),3980,"(1팩당 3,980원)"
못난이 양파(3kg/망),6980,(100g당 233원)
브로콜리(1입/봉),3980,"(1개당 3,980원)"
대용량깻잎(봉),2980,"(1개당 2,980원)"
풀무원 유기농 미니순두부 200g,990,(100g당 495원)
"양배추(국산,1/4통)",1980,"(1개당 1,980원)"
쌈용맛배추(팩),3980,"(1팩당 3,980원)"
못난이한가득청양고추(봉),4980,"(100g당 1,245원)"
풀무원 무농약 국산콩 콩나물340g,2690,(100g당 791원)
(A)창녕 깐마늘(500g/봉),4980,(100g당 996원)
어린잎&믹스채소(200g/팩),2980,"(100g당 1,490원)"
깐마늘(300g/봉),4980,"(100g당 1,660원)"
풀무원국산순두부 350g,2190,(100g당 626원)
구이용양송이(국산/팩),4980,"(1팩당 4,980원)"
표고버섯(250g/팩),4980,"(1팩당 4,980원)"
풀무원 SOGA부침두부 300g,1690,(100g당 563원)
풀무원 소가 미니 연두부 125g,990,(100g당 792원)
풀무원 소가안심콩나물500g,2250,(100g당 450원)
맑은물에 참좋은 국산콩나물500g,2380,(100g당 476원)
(A)파프리카(3입/봉)ED,5980,"(1봉당 5,980원)"
양상추(봉),2980,"(1개당 2,980원)"
풀무원 SOGA찌개두부 300g,1690,(100g당 563원)
풀무원 국산숙주260g,2680,"(100g당 1,031원)"
CJ 행복한콩 부침두부 300g,1690,(100g당 563원)
실속흙쪽파(봉),2980,"(1봉당 2,980원)"
풀무원 국산콩두부기획 300g x 2,5680,(100g당 947원)
간편대파(봉),2980,"(1봉당 2,980원)"
흙당근(1kg/봉),6980,"(1봉당 6,980원)"
머쉬멜로버섯 기획(2봉),2980,"(1개당 2,980원)"
깐대파(봉),3980,"(1봉당 3,980원)"
CJ행복한콩 반모두부 150g x 2,1700,(100g당 567원)
손질배추(특/봉),4480,(100g당 249원)
감자(1kg/봉),3980,(100g당 398원)
GAP청양고추(봉),2480,"(1봉당 2,480원)"
못난이한가득 꽈리고추(봉),4980,"(100g당 1,245원)"
맑은물에 촌두부550g,1990,(100g당 362원)
로메인(팩),3980,"(1팩당 3,980원)"
취청오이(2입/봉),4980,"(1봉당 4,980원)"
풀무원두부봉야채180g,2280,"(100g당 1,267원)"
적콜라비(개),2480,"(1개당 2,480원)"
CJ고소한 순두부 350g x 2,2480,(100g당 354원)
소소한 하루 연근채(팩),4980,"(100g당 1,660원)"
GAP오이맛고추(팩),3480,"(1팩당 3,480원)"
Fresh 파채(팩),1980,"(100g당 1,650원)"
바로구이모듬버섯(팩),2980,"(1팩당 2,980원)"
무(특/개),3480,"(1개당 3,480원)"
베지터블 블렌드 500g,6980,"(100g당 1,396원)"
궁중약선수육재료(60g),2980,(10g당 497원)
파머스픽 미니새송이버섯(팩),2980,"(1봉당 2,980원)"
맑은물에 국산 미니촌두부170g,1590,(100g당 935원)
깐마늘(1kg/봉),8980,(100g당 898원)
풀무원 국산부침두부 340g,4980,"(100g당 1,465원)"
빨강파프리카(봉),2480,"(1봉당 2,480원)"
호박고구마800g(봉),7980,(100g당 998원)
국산고사리(150g/팩),5980,"(100g당 3,987원)"
신선흠 6년근인삼(750g/팩),19800,"(1개당 19,800원)"
CJ다진마늘 260g,8980,"(100g당 3,454원)"
신선함 그대로 요리하는 볶음밥용채소 500g,6980,"(100g당 1,396원)"
맑은물 국산촌두부 300g x 2,4480,(100g당 747원)
국산단호박(통),5980,"(1개당 5,980원)"
풀무원 국산찌개두부 340g,4980,"(100g당 1,465원)"
미니파프리카(봉),4980,"(1봉당 4,980원)"
풀무원두부봉치즈 180g,2280,"(100g당 1,267원)"
CJ 행복한콩 큰두부 500g x 2,3980,(100g당 796원)
풀무원 한끼연두부 오리엔탈유자236g,2980,"(100g당 1,263원)"
풀무원생나또 99g,3590,"(100g당 3,626원)"
봄동(봉),3980,(100g당 796원)
통로메인,4980,"(1팩당 4,980원)"
맑은물에 한끼연두부268g,1380,(100g당 515원)
풀무원 유기농 콩나물 270g,2100,(100g당 778원)
우엉대(봉),4980,"(1봉당 4,980원)"
청피망(봉),3980,"(1봉당 3,980원)"
스위트노랑옥수수(2입),3980,(100g당 796원)
능이버섯삼계재료(봉),5980,"(100g당 4,430원)"
CJ행복한콩 국산 찌개두부 380g,5280,"(100g당 1,389원)"
CJ 행복한콩 국산 부침두부 380g,5280,"(100g당 1,389원)"
고구마말랭이(3입/봉),9980,"(1봉당 9,980원)"
한끼 모듬쌈(팩),2980,"(100g당 2,709원)"
풀무원 얇은두부면 100g,2880,"(100g당 2,880원)"
생채(봉),1980,"(100g당 1,980원)"
CJ 행복한콩 국산 찌개두부 180g,2790,"(100g당 1,550원)"
건대추 (150g/봉),6980,"(100g당 4,653원)"
상황버섯삼계탕재료,5980,"(1개당 5,980원)"
풀무원 넓은두부면 100g,2880,"(100g당 2,880원)"
풀무원 국산콩 생나또 8입,11900,"(100g당 3,005원)"
영양을가득담은황기(봉),8980,"(100g당 8,980원)"
냉동 다진마늘 280g,5980,"(100g당 2,136원)"
풀무원 정통순두부찌개 Kit 602g,4580,(100g당 761원)
풋고추(봉),2480,"(100g당 1,653원)"
돌나물(팩),2980,"(100g당 1,987원)"
청정원 단단한 큰두부 500g,2300,(100g당 460원)
건대추(200g/팩),7980,"(1팩당 7,980원)"
풀무원두부봉해물180g,2280,"(100g당 1,267원)"
GAP가지(3입/봉),6980,"(1봉당 6,980원)"
풀무원 얼큰순두부찌개 Kit 600g,4580,(100g당 763원)
깐양파/봉,3480,(100g당 535원)
CJ 행복한콩 찌개두부 300g,1890,(100g당 630원)
GAP백오이(3입/국산),4980,"(1봉당 4,980원)"
건강한 삼계재료(110g/봉),6980,"(100g당 6,345원)"
자색양파(1kg/망),4980,(100g당 498원)
장마(봉),5980,"(1봉당 5,980원)"
깐쪽파(봉),3980,"(1봉당 3,980원)"
다진마늘(150g/팩),3980,"(100g당 2,653원)"
적양배추(1/2통),2480,"(1개당 2,480원)"
황토냉이(봉),4980,"(100g당 3,320원)"
생산자포기상추(국산/봉),3980,"(1봉당 3,980원)"
유채(봉),2980,"(100g당 1,987원)"
스틱계피(180G/통),6980,"(100g당 3,878원)"
소소한 하루 깐마(팩),4980,"(100g당 2,490원)"
냉동 브로콜리 400g,5980,"(100g당 1,495원)"
생산자아욱(봉),2980,"(1봉당 2,980원)"
CJ 행복한콩 국산 부침두부 180g,2790,"(100g당 1,550원)"
생산자근대(봉),1980,(1봉당 13원)
서산토종마늘(1kg/망),15900,"(100g당 1,590원)"
한눈에반한쌀(10kg/포),45900,(100g당 459원)
구운아몬드350g,8980,"(100g당 2,566원)"
Deal.매일먹는쌀(20kg/포),45900,(100g당 230원)
5분도쌀눈현미(3kg/봉),8980,(100g당 299원)
이맛쌀현미(5kg/봉),12980,(100g당 260원)
이맛쌀(10KG/포),30900,(100g당 309원)
(H)서해노을쌀(20kg/포),60900,(100g당 305원)
(H)호두(450g/봉),10980,"(100g당 2,440원)"
96시간숙성한찰현미(1kg/통),9480,(100g당 948원)
(H)찹쌀(3KG/봉),17980,(100g당 599원)
건강곡물혼합15곡(2kg/봉),8980,(100g당 449원)
Deal.허니버터아몬드,4980,"(100g당 4,150원)"
오트밀(1kg/통),6980,(100g당 698원)
이천쌀해들미(10kg/포),47900,(100g당 479원)
카무트(500g/봉),8980,"(100g당 1,796원)"
96시간숙성한찰흑미(1kg/통),10480,"(100g당 1,048원)"
맵단짠믹스560g,9980,"(100g당 1,782원)"
찰기장쌀(500g/봉),10980,"(100g당 2,196원)"
국산검은콩미숫가루(500g x 2/봉),12980,"(100g당 1,298원)"
대왕님표여주쌀(진상)(2kg/봉),15980,(100g당 799원)
Deal.매일먹는쌀(4kg/봉),23900,(100g당 598원)
불릴필요없는찰현미(3kg/봉),15980,(100g당 533원)
백옥찹쌀(1kg/통),8980,(100g당 898원)
국산깐녹두(500g/봉),15980,"(100g당 3,196원)"
(H)찰보리쌀(4KG/봉),18980,(100g당 475원)
(B) 단백질영양바22입(25g x 22),12980,(10g당 236원)
패밀리혼합15곡(4kg/봉),23980,(100g당 600원)
귀리쌀(3kg/봉),5980,(100g당 199원)
압맥(1.7kg/통),13980,(100g당 822원)
(H)구운아몬드(450g/봉),10980,"(100g당 2,440원)"
96시간숙성한서리태(500g/봉),11480,"(100g당 2,296원)"
Deal.군옥수수아몬드,4980,"(100g당 4,150원)"
병아리콩(500g/봉),4980,(100g당 996원)
임금님표이천쌀(4kg/봉),29900,(100g당 748원)
포켓크룽지(168g/팩),3980,"(100g당 2,369원)"
대왕님표여주쌀(진상)(4kg/봉),28900,(100g당 723원)
Deal.갈릭버터아몬드,4980,"(100g당 4,150원)"
조류혼합맛있는9곡(1kg/통),11480,(100g당 957원)
국산볶음땅콩350g,14900,"(100g당 4,257원)"
HBAF와사비맛아몬드(120g),4950,"(100g당 4,125원)"
마카다미아300g,14900,"(100g당 4,967원)"
귀리밸런스혼합5곡(3kg/봉),9980,(100g당 333원)
철원오대쌀(4kg/봉),27900,(100g당 698원)
Deal.칼땅콩180g,5980,"(100g당 3,322원)"
크리스피아몬드오리지널 180g,8980,"(100g당 4,989원)"
미국산찰기장쌀(2kg/봉),8980,(100g당 449원)
아몬드슬라이스(170g),4980,"(100g당 2,929원)"
단짠칩스(240g/봉),7980,"(100g당 3,325원)"
해바라기씨(200g),4980,"(100g당 2,490원)"
구운통캐슈너트200g,7980,"(100g당 3,990원)"
서리태귀리쉐이크(1.2kg),12980,"(100g당 1,082원)"
(B) 프리바이오틱스영양바22입(25g x 22),12980,(10g당 236원)
(JN) 유기농현미(3kg/봉),15980,(100g당 533원)
Deal.멸치아몬드180g,5980,"(100g당 3,322원)"
구운피스타치오470g,14900,"(100g당 3,170원)"
벌꿀미숫가루(400g/봉),4980,"(100g당 1,245원)"
찰수수쌀(500g/봉),9480,"(100g당 1,896원)"
피칸350g,14900,"(100g당 4,257원)"
120시간숙성한팥(500g/봉),15480,"(100g당 3,096원)"
볶음땅콩(220g),4980,"(100g당 2,264원)"
혼합15곡(2KG x 2),13980,(100g당 350원)
단짠믹스(450g/봉),7980,"(100g당 1,773원)"
호박씨 300g/봉,3980,"(100g당 1,327원)"
깐밤(생율) 170g/팩,9980,"(100g당 5,871원)"
브라질넛츠_180g,5980,"(100g당 3,322원)"
기장(3kg/봉),11980,(100g당 399원)
(S)견과스페셜8종세트,28630,"(1개당 28,630원)"
HBAF허니버터아몬드(120g),4950,"(100g당 4,125원)"
HBAF체다치즈아몬드(100g),4950,"(100g당 4,950원)"
(JN) 유기농 찰보리쌀(3kg/봉),11980,(100g당 399원)
(JN) 유기농찰현미(3kg/봉),17980,(100g당 599원)
HBAF군옥수수맛아몬드(120g),4950,"(100g당 3,808원)"
머거본칼땅콩300g,6980,"(100g당 2,327원)"
HBAF마늘빵아몬드(120g),4950,"(100g당 4,125원)"
호주산찰수수쌀(2kg/봉),8980,(100g당 449원)
HBAF쿠키앤크림아몬드(120g),4950,"(100g당 4,125원)"
실속믹스넛(210g),4980,"(100g당 2,371원)"
(JN) 유기농찹쌀(3kg/봉),20980,(100g당 699원)
율무쌀(400g/통),7980,"(100g당 1,995원)"
무항생제 1+등급 대란(30),8980,(100g당 576원)
파머스픽 가농 무항생제 1+등급란(대30),8980,(100g당 576원)
(2번)동물복지 1등급 유정햇달걀(20),7480,(100g당 850원)
네덜란드냉동한입삼겹살구이(650g),9980,"(100g당 1,535원)"
1등급 다향 훈제오리500g,14980,(10g당 300원)
롯데 야채소세지190g,1680,(10g당 88원)
목우촌 주부9단 육즙팡팡프랑크350g,8980,(10g당 257원)
[하림] 유정란 깐메추리알(270g),6980,"(100g당 2,585원)"
한돈냉동한입삼겹살(800g),19980,"(100g당 2,498원)"
돌돌말이 대패우삼겹600g,10900,"(100g당 1,817원)"
롯데 알뜰소세지500g,3280,(10g당 66원)
목우촌 BIG 주부9단비엔나소시지 1kg,9980,(10g당 100원)
한끼구이 한우등심150g(2등급),12900,"(100g당 8,600원)"
무항생제 1+등급 특란(15),7580,(100g당 842원)
무항생제 1등급 특란(20+20),11980,(100g당 499원)
려강 찰순대 400g,3480,(100g당 870원)
스페인냉동대패삼겹살(1kg),13980,"(100g당 1,398원)"
호주산 냉장 부채살 300g,9900,"(100g당 3,300원)"
캐나다 삼겹살 구이용(600g),10980,"(100g당 1,830원)"
무항생제 1+등급 특란(10),4460,(100g당 743원)
(가격역주행) 닭다리살구이600g,9980,"(100g당 1,663원)"
마니커냉동무항생제닭가슴살800g,8900,"(100g당 1,113원)"
지정농장 구운란(20),7980,(100g당 998원)
힌돈냉동대패삼겹살(800g),19980,"(100g당 2,498원)"
호주산냉장황제갈비살로스300g,11900,"(100g당 3,967원)"
한우 국거리 300g,12430,"(100g당 4,143원)"
(균)참기름에찍어먹는쇠고기육포20g,2990,"(100g당 14,950원)"
[THE1st한돈] 앞다리 찌개용(300g),8980,"(100g당 2,993원)"
국내산냉동대패등심(300g),6980,"(100g당 2,327원)"
[THE1st한돈] 등심 카레용(200g),7980,"(100g당 3,990원)"
스피드쿡 냉동 등심구이 400g,9900,"(100g당 2,475원)"
하림 닭가슴살 훈제 510g,12980,(10g당 255원)
롯데 의성마늘비엔나500g,6980,(10g당 140원)
산골농장 무항생제 영양란(왕15),7980,(100g당 782원)
가농 무항생제 1+등급 특란(15),6580,(100g당 731원)
SMOKE DELI 훈제오리 500g,12980,(10g당 260원)
마늘치킨훈제슬라이스400g,5980,(10g당 150원)
CJ 햄스빌베이컨 110g x 3,9980,(10g당 302원)
(2번)동물복지 1등급 유정란(15),9580,"(100g당 1,228원)"
x 원프리미엄육포30g x 3,12980,"(100g당 14,422원)"
CJ 건강한샌드위치햄 90g,2980,(10g당 331원)
척아이롤국거리300g,11900,"(100g당 3,967원)"
무항생제 대관령한우 국거리 300g(1++등급),17900,"(100g당 5,967원)"
동원통그릴비엔나180g x 2,6980,(10g당 194원)
하림 수비드 바질 닭가슴살 100g,4480,"(100g당 4,480원)"
한끼구이 한우채끝150g(2등급),13900,"(100g당 9,267원)"
WET한우등심바로구이/샤브샤브(2등급)300g,25900,"(100g당 8,633원)"
CJ 고메함박스테이크152g,3980,(10g당 262원)
하림 토마호크치킨다리 핫치폴레 170g,4980,(10g당 293원)
존쿡 치즈크러스트소시지 300g,7480,(10g당 249원)
한우 불고기 300g,12430,"(100g당 4,143원)"
캐나다 돈목심 구이용(600g),10980,"(100g당 1,830원)"
마니커냉동무항생제닭윙800g,10980,"(100g당 1,373원)"
CJ 동그란스팸 160g,4980,(10g당 311원)
(2번)동물복지 1등급 유정란(25),11980,(100g당 922원)
천하장사 오리지날 448g,7980,(10g당 178원)
목우촌 BIG 주부9단두툼프랑크450g x 2,9980,(10g당 111원)
한우1등급보섭살구이,12900,"(100g당 7,167원)"
롯데 의성마늘베이컨 320g,8980,(10g당 281원)
체리부로냉동닭안심1kg,5980,(100g당 598원)
려강 매콤한 순대볶음 500g,4980,(100g당 996원)
롯데 의성마늘김밥속햄200g,3780,(10g당 189원)
롯데 에센브런치비엔나180g,4980,(10g당 277원)
CJ 더건강한닭가슴살샌드위치햄 90g,4480,(10g당 498원)
CJ 백설 한입가득비엔나 180g,4980,(10g당 277원)
국내산 껍질붙은 족사태살 수육용(700g),11980,"(100g당 1,711원)"
CJ 햄스빌두툼한굿베이컨340g,9980,(10g당 294원)
호주산냉장치마살로스300g,16900,"(100g당 5,633원)"
(J)무항생제 한돈 삼겹살 구이용(600g),23980,"(100g당 3,997원)"
체)무항생제 백숙용 생닭500g,5980,"(100g당 1,196원)"
대림 쫄깃찰순대 500g,4480,(100g당 896원)
목우촌 프라임 프랑크 소시지250g x 2,9900,(10g당 132원)
체)무항생제닭안심400g,7900,"(100g당 1,975원)"
척아이롤다짐육300g,11900,"(100g당 3,967원)"
소스가 들어있는 우삼겹구이500g,14900,"(100g당 2,980원)"
한우차돌박이300g(2등급),25900,"(100g당 8,633원)"
CJ 햄스빌굿베이컨 110g x 3,7980,(10g당 242원)
목우촌 주부9슬라이스햄100g,2490,(10g당 249원)
(J)무항다리더볶음탕용닭(한강),9900,(100g당 825원)
동원 통그릴후랑크240g x 2,7980,(10g당 166원)
목우촌 주부9단비엔나250g x 2,7980,(10g당 160원)
x 상상육포오리지널70g,10980,"(100g당 15,686원)"
체)무항생제닭다리400g,8900,"(100g당 2,225원)"
CJ 고메토마토미트볼147g,3980,(10g당 271원)
x 상상육포페퍼앤솔트70g,10980,"(100g당 15,686원)"
롯데 미니비엔나 140g,3300,(10g당 236원)
아워홈 치킨스테이크 460g,9980,(10g당 217원)
목우촌 주부9단 살코기햄150g x 4,7980,(10g당 133원)
CJ 맥스봉치즈525g,8980,(10g당 171원)
호주산척아이롤로스300g,9900,"(100g당 3,300원)"
제주산흑돈냉동대패구이(500g),10980,"(100g당 2,196원)"
미국냉동LA갈비1.5kg,69800,"(100g당 4,653원)"
미국산냉동LA식갈비1kg,39800,"(100g당 3,980원)"
오뗄 장작 통삼겹베이컨500g,11800,(10g당 236원)
매콤직화무뼈닭발200g,7980,"(100g당 3,990원)"
[도드람한돈] 냉동등뼈(1kg),5980,(100g당 598원)
(J)무항생제 생메추리알(28),3980,"(100g당 1,579원)"
천하장사 건강하닭 448g,7980,(10g당 178원)
마니커초간단냉동닭발250g,7980,"(100g당 3,192원)"
훈제삼겹슬라이스400g,9980,(10g당 250원)
한성 콤비부어스트파티 330g,6980,(10g당 212원)
미국산초이스살치살로스300g,19800,"(100g당 6,600원)"
삼립 시티델리 함박스테이크150g,3980,(10g당 265원)
천하장사 더블링 콰트로치즈 250g,6480,(10g당 259원)
천하장사 콰트로치즈 448g,7980,(10g당 178원)
안심스테이크150g(호주산),12900,"(100g당 8,600원)"
CJ 백설 숯불갈비후랑크 120g,1680,(10g당 140원)
깐메추리알(270g),5980,"(100g당 2,215원)"
목우촌 프라임 비엔나 240g x 2,9900,(10g당 138원)
깐메추리알(500g),7980,"(100g당 1,596원)"
오뗄 오팜700g,8980,(10g당 128원)
한성 바베큐 직화구이 70g,1980,(10g당 283원)
한돈냉동대패목심(800g),19980,"(100g당 2,498원)"
산골농장 [1번]자유방목 유정란(2),780,(10g당 89원)
[THE1st한돈] 등심 잡채용(200g),7980,"(100g당 3,990원)"
CJ 더건강한베이컨90g x 2,8980,(10g당 499원)
피코크 장충동왕족발 부드러운순살족발200g,6980,(10g당 349원)
하림 용가리닭가슴살 마라맛80g,3980,(10g당 498원)
피코크 장충동왕족발 미니족발300g,6980,(10g당 233원)
롯데 의성마늘후랑크 350g,5980,(10g당 171원)
CJ백설 오리지널후랑크460g,6980,(10g당 152원)
롯데 의성마늘햄 110g x 4,8580,(10g당 195원)
삼립 시티델리 치즈함박스테이크150g,2980,(10g당 199원)
지리산흑돈냉동벽돌삼겹살(600g),17980,"(100g당 2,997원)"
CJ 더건강한닭가슴살소시지 120g,4480,(10g당 373원)
바로구이차돌박이400g,15900,"(100g당 3,975원)"
천하장사 더블링 뿌링치즈250g,6480,(10g당 259원)
천하장사 더블링 청양마요 250g,6480,(10g당 259원)
하림 토마호크치킨다리 스모크 170g,4980,(10g당 293원)
x 질러부드러운육포30g x 3,12980,"(100g당 14,422원)"
롯데 비엔나205g x 2,7980,(10g당 195원)
CJ 더건강한김밥햄140g x 2,5980,(10g당 214원)
동원스페셜비엔나260g x 2,8480,(10g당 163원)
삼립 슬라이스햄 160g x 2,5980,(10g당 187원)
CJ더건강그릴후랑크300g x 2,9980,(10g당 166원)
하림 수비드닭가슴살오리지널 100g,4480,"(100g당 4,480원)"
(J)무항생제 한돈 목심 구이용(600g),23980,"(100g당 3,997원)"
쟌슨빌 오리지널스모크 360g,9580,(10g당 266원)
(J)하림IFF무항생제안심다짐육(300g),7900,"(100g당 2,633원)"
(J)무항생제 1등급 왕란(15),7950,(100g당 779원)
국내산냉동대패등심(500g),7980,"(100g당 1,596원)"
존쿡 이탈리안 살라미200g,8980,(10g당 449원)
동원그릴리델리햄450g,6980,(10g당 155원)
훈제목심슬라이스400g,9980,(10g당 250원)
피코크 리북방 모둠순대 750g,11980,"(100g당 1,597원)"
피코크 매운불족발500g,8980,"(100g당 1,796원)"
맥스봉 오리지널 525g,8980,(10g당 171원)
쟌슨빌 베다위드체다 360g,9580,(10g당 266원)
CJ 더건강한닭가슴살소시지청양고추 120g,4480,(10g당 373원)
(균)일품국내산쇠고기육포22g,2990,"(100g당 13,591원)"
롯데 키스틱 55g,1900,(10g당 345원)
천하장사 더블링 콘&스윗치즈 250g,6480,(10g당 259원)
한우꼬리반골1kg팩,12900,"(100g당 1,290원)"
하림 수비드닭가슴살 블랙페퍼 100g,4480,"(100g당 4,480원)"
CJ 더건강한닭가슴살직화통살구이 100g,4480,(10g당 448원)
CJ 더건강한닭가슴살직화스테이크 100g,4480,(10g당 448원)
풀무원 깐메추리알 유정란 450g,9980,"(100g당 2,218원)"
CJ 스팸 클래식김밥햄 260g,5980,(10g당 230원)
CJ 건강한의성마늘햄 130g,2680,(10g당 206원)
[THE1st한돈] 삼겹살 찌개용(300g),10980,"(100g당 3,660원)"
목우촌 프라임 살코기햄300g,5980,(10g당 199원)
목우촌 주부9단로스구이500g,8980,(10g당 180원)
맥스봉직화구이꼬치바,1980,(10g당 283원)
존쿡 델리미트킬바사 270g,7480,(10g당 277원)
롯데 마늘앤뽀득프랑크140g,2980,(10g당 213원)
(J)하림IFF무항생제가슴살다짐육(300g),7900,"(100g당 2,633원)"
존쿡 하몽세라노그란레세르바 120g,14500,"(10g당 1,208원)"
목우촌주부9단후랑크500g,8980,(10g당 180원)
무항생제 1+등급 백색특란(10),5980,(100g당 997원)
(B) 미국산냉동LA갈비2kg,99000,"(100g당 5,500원)"
CJ 정말맛소시지160g x 2,3290,(10g당 103원)
롯데 키스틱 400g x 2,9480,(10g당 119원)
한성 고추장 직화구이 70g,1980,(10g당 283원)
목우촌 주부9단 치즈비엔나240g x 2,7980,(10g당 166원)
대림 부어스트 콤비네이션 385g,6980,(10g당 181원)
롯데 에센뽀득 슈퍼빅 330g,7980,(10g당 222원)
x 임화자의명인육포25g x 3입,12980,"(100g당 17,307원)"
마니커냉동무항생제닭봉800g,10980,"(100g당 1,373원)"
오뗄 부대찌개 모듬햄500g,6980,(10g당 140원)
CJ더건강한닭가슴살샐러드톡톡96g,4480,(10g당 467원)
x 질러크레이지핫육포100g,11980,"(100g당 11,980원)"
한우사골1.2kg팩,12900,"(100g당 1,075원)"
롯데 키스틱 더블치즈 50g,1900,(10g당 380원)
한우 우족1kg팩,12900,"(100g당 1,290원)"
CJ 더건강한닭가슴살순살케이준 100g,4480,(10g당 448원)
미국냉동등갈비(1kg),19980,"(100g당 1,998원)"
진주햄 천하장사 오리지날 70g,2400,(10g당 343원)
CJ 맥스봉 숯불구이맛 핫바 70g,1980,(10g당 283원)
키스틱 매콤문어 550g,7280,(10g당 132원)
롯데 의성마늘 순한비엔나180g x 2,6980,(10g당 194원)
진주햄 천하장사 콰트로치즈 50g진주햄 천,1900,(10g당 380원)
피코크 블랙페퍼 닭가슴살120g,2680,"(100g당 2,233원)"
아워홈 텍사스바베큐폭립 450g,13980,(10g당 311원)
한우 잡뼈1.2kg팩,9900,(100g당 825원)
피코크 갈릭 닭가슴살 120g,2680,(10g당 223원)
롯데 의성마늘햄 250g,6280,(10g당 251원)
매콤오돌뼈볶음200g,6980,"(100g당 3,490원)"
(균)치즈앤미트스키니30g,2990,"(100g당 9,967원)"
(균)민속통육포35g,2990,"(100g당 8,543원)"
매콤직화불막창200g,7980,"(100g당 3,990원)"
피코크매콤한고기순대500g,7980,"(100g당 1,596원)"
(균)달콤한직화육포25g,2990,"(100g당 11,960원)"
진주햄 천하장사 오리지날 50g,1900,(10g당 380원)
하림 챔스틱 오리지널 80g,2480,(10g당 310원)
피코크 훈제 닭가슴살 120g,2680,"(100g당 2,233원)"
x 질러부드러운육포100g,11980,"(100g당 11,980원)"
x 질러갈릭바베큐육포100g,11980,"(100g당 11,980원)"
건강하닭할라피뇨치즈60g,2000,(10g당 333원)
진주햄 천하장사 치즈 50g,1900,(10g당 380원)
남해안생굴(150g/봉),4980,"(100g당 3,320원)"
x 성경재래김20봉,5980,(10g당 598원)
x 광천김자반볶음50g+50g,3980,(10g당 398원)
동원프리미엄명란100g,8980,(10g당 898원)
x 고흥미역150g,4480,"(100g당 2,987원)"
x 오뚜기옛날자른기장미역20g,3980,"(10g당 1,990원)"
동원훈제연어오리지널180g,12900,"(100g당 7,167원)"
국산손질오징어2미(팩),9900,"(100g당 2,750원)"
냉동새우살 81-100 450g,11980,"(100g당 2,662원)"
랍새300g,10980,"(100g당 3,660원)"
잘마른건한치80g,12980,"(100g당 16,225원)"
동그랗게 절단한 오징어링 500g,8980,"(100g당 1,796원)"
노르웨이고등어필렛,12980,"(100g당 1,298원)"
x 양반들기름올리브혼합김4.5g x 16ea,8480,"(10g당 1,178원)"
E가자미살커틀렛520g,9980,"(100g당 1,919원)"
x 꾸이꾸이어포튀각110g,7980,"(100g당 7,255원)"
손질바지락500g,5980,"(100g당 1,196원)"
x 3분간편통영멸치볶음만들기220g,8980,"(100g당 4,082원)"
x 구운김밥김20매,4980,(10g당 996원)
x 풀무원김밥김10매,3980,"(10g당 1,990원)"
(신)손질생칵테일새우450g,16980,"(100g당 3,773원)"
(기획)황태채280g,11980,"(100g당 4,279원)"
영일만건오징어3미(원양산),10980,"(100g당 9,982원)"
x 더진한육수한알진한맛100g,8980,(10g당 898원)
x 페스츄리BBQ오징어200g,11980,"(100g당 5,990원)"
x 더진한육수한알깔끔칼칼100g,8980,(10g당 898원)
x 절단낙지500g,15980,"(100g당 3,196원)"
해양심층수새우젓1kg,11980,(10g당 120원)
프리미엄 플러스 날치알 골드 180g,10980,"(100g당 6,100원)"
매생이(튜브/100g),4580,"(100g당 4,580원)"
(균)꾸이오징어다리50g,3980,"(100g당 7,960원)"
x 동원더바삭한양반김20봉,10980,"(10g당 1,098원)"
x 리얼먹태깡180g,11980,"(100g당 6,656원)"
어리굴젓200g,7980,(10g당 399원)
E오징어스테이크700g,10980,"(100g당 1,569원)"
국산구운오징어다리100g,6980,"(100g당 6,980원)"
x 꽃새우100g,9980,"(100g당 9,980원)"
미역줄기기획(300g x 2팩),4980,(100g당 830원)
x 해물모둠500g,10900,"(100g당 2,180원)"
구룡포과메기70g,9980,"(100g당 14,257원)"
x CJ명가재래김4g x 20봉,10980,"(10g당 1,373원)"
적새우살 450g,12980,"(100g당 2,884원)"
(S)서귀포수협 옥돔갈치세트1.3kg,118000,"(100g당 9,077원)"
Deal.재래도시락김4g x 16봉,5980,(10g당 934원)
아르헨티나홍새우300g,12900,"(100g당 4,300원)"
x 백진미오징어채400g,13980,"(100g당 3,495원)"
x 먹태어포튀각100g,7980,"(100g당 7,980원)"
x 순한조미오징어300g,10900,"(100g당 3,633원)"
x 집어가꾸이한포380g,17980,"(100g당 4,732원)"
x 국산의힘통영국물멸치500g,13980,"(100g당 2,330원)"
x 광천곱창돌김20봉,8980,(10g당 898원)
x 성경녹차전장김3봉,6980,(10g당 776원)
x 가쓰오부시40g,4980,"(100g당 10,596원)"
x 페스츄리버터오징어200g,11900,"(100g당 5,950원)"
새미네부엌아몬드호두멸치볶음220g,8980,"(100g당 4,082원)"
남해안에서갓잡은햇멸치450g,9980,"(100g당 2,218원)"
x 성경세번구운김밥김22g,3980,"(10g당 1,809원)"
x 간장에찍어먹는구운파래김,6980,"(10g당 1,058원)"
x 바삭먹태오리지날150g,12900,"(100g당 8,600원)"
몸통건오징어150g,10980,"(100g당 7,320원)"
x 여수볶음조림용멸치300g,9980,"(100g당 3,327원)"
x CJ명가파래김4g x 20봉,10980,"(10g당 1,373원)"
x 순살구이쥐포채200g,9980,"(100g당 4,990원)"
손질생홍합1kg,3980,(100g당 398원)
x 구운오징어입150g,7980,"(100g당 5,320원)"
국산절단꽃게800g,8980,"(100g당 1,123원)"
순살가자미400g,10900,"(100g당 2,725원)"
x 황금빛황태채200g,12900,"(100g당 6,450원)"
동해안손질오징어2미,12980,"(100g당 4,327원)"
쌈다시마기획(300g x 2팩),4980,(100g당 830원)
x 3분간편보리새우볶음만들기140g,8980,"(100g당 6,414원)"
x 구운쥐치포200g,9980,"(100g당 4,990원)"
손질코다리1kg,12900,"(100g당 1,290원)"
x 대왕구운쥐치포200g,9980,"(100g당 4,990원)"
x 여수조림용멸치300g,9980,"(100g당 3,327원)"
x 가늘게손질한황태채150g,12980,"(100g당 8,653원)"
x 오징어실채250g,7980,"(100g당 3,192원)"
x 양반더바삭한전장김5봉,9980,(10g당 798원)
양반히말라야소금김20봉,10980,"(10g당 1,220원)"
Deal.돌자반60g,2980,(10g당 497원)
x 바베큐조미오징어120g,7980,"(100g당 6,650원)"
손질고등어300g,7900,"(100g당 2,633원)"
x 고흥다시마300g,7480,"(100g당 2,493원)"
x 바삭먹태매운맛150g,12900,"(100g당 8,600원)"
용두동식주꾸미500g,11980,"(100g당 2,396원)"
(균) 땅콩버터맛오징어채50g,3980,"(100g당 7,960원)"
"새우살(중, 450g)",15980,"(100g당 3,551원)"
x 손질주꾸미500g,15980,"(100g당 3,196원)"
x 반찬용명엽채200g,7980,"(100g당 3,990원)"
손질오징어400g,10900,"(100g당 2,725원)"
해파리냉채(195g/팩),4980,"(100g당 2,554원)"
x 해남산소리파래김20봉,8980,(10g당 898원)
x 빠삭어포튀김100g,4980,"(100g당 4,980원)"
x 양반고흥어린미역90g,5480,"(100g당 6,089원)"
x 바른진미오징어채200g,9980,"(100g당 4,990원)"
순살갈치500g,10900,"(100g당 2,180원)"
오징어젓갈150g,6980,(10g당 465원)
(ED)통꾸이220g,9980,"(100g당 4,536원)"
광천새우젓250g,8980,(10g당 359원)
x 참맥반석구이쥐포150g,7980,"(100g당 5,320원)"
x 풀무원들기름재래김20봉,10980,"(10g당 1,373원)"
손질삼치400g,10900,"(100g당 2,725원)"
x 지도표재래식가루김70g,4980,(10g당 711원)
x 국내산건오징어3미(중/170g),18900,"(100g당 11,118원)"
x 마른명태제사포70g,9980,"(100g당 14,257원)"
x 안주夜먹태청양데리야끼맛25g,4980,"(10g당 1,992원)"
x 안주夜먹태스위트허니맛25g,4980,"(10g당 1,992원)"
x 건한치130g,13980,"(100g당 10,754원)"
x 미니언즈한끼한포김자반7봉,4980,(10g당 711원)
창란젓갈150g,6980,(10g당 465원)
(균) 참오징어소면 50g,3980,"(100g당 7,960원)"
x 황태포1미(특대)90g,9980,"(100g당 11,089원)"
(균) 참맥반석구이오징어 40g,3980,"(100g당 9,950원)"
x 소문난광천돌자반70g,4980,(10g당 711원)
x 피쇼간장맛15g x 8봉,7980,"(100g당 6,650원)"
사조더고소한재래김16봉,7980,"(10g당 1,247원)"
(균) 바베큐조미오징어 50g,3980,"(100g당 7,960원)"
안주야 먹태 매콤불닭맛25g,3480,"(10g당 1,392원)"
낙지젓갈150g,8480,(10g당 565원)
홍어회무침300g,9900,"(100g당 3,300원)"
두절가자미700g,10900,"(100g당 1,557원)"
Deal.재래도시락김4g x 8봉,3980,"(10g당 1,244원)"
x 볶음멸치200g x 2,16980,"(100g당 4,245원)"
동태포400g,7980,"(100g당 1,995원)"
x 성경녹차조각김50g,4980,(10g당 996원)
양반김부각50g,4980,"(100g당 9,960원)"
건청각(국산/팩),3980,"(1팩당 3,980원)"
(균) 참불고기오징어40g,3980,"(100g당 9,950원)"
x 오징어튀김80g,7980,"(100g당 9,975원)"
E천일염손질갈치(대),10980,"(100g당 1,926원)"
x 통영국물용멸치300g,9980,"(100g당 3,327원)"
x 오새우오리지널150g,11900,"(100g당 7,933원)"
x 짜지않은김20봉,8980,"(10g당 1,123원)"
리얼 오징어깡 120g,5980,"(100g당 4,983원)"
x 홍진미250g x 2봉,18980,"(100g당 3,796원)"
x 타로어포150g,7980,"(100g당 5,320원)"
북어채400g,19900,"(100g당 4,975원)"
x 통영볶음용멸치300g,9980,"(100g당 3,327원)"
15일숙성홍어회150g,10980,"(100g당 7,320원)"
리얼육포깡120g,8980,"(100g당 6,908원)"
가자미살커틀렛550g,10580,"(100g당 1,924원)"
문어슬라이스200g,9980,"(100g당 4,990원)"
볶음용멸치(500g/박스),10980,"(100g당 2,196원)"
"자숙칵테일새우(대, 450g)",19980,"(100g당 4,440원)"
x 볶음용멸치500g,15980,"(100g당 3,196원)"
x 볶음조림용멸치500g,15980,"(100g당 3,196원)"
x 국물이시원한북어채150g,11900,"(100g당 1,190,000원)"
x 꼴뚜기100g,6980,"(100g당 6,980원)"
꼴뚜기(국산)100g,8900,"(100g당 8,900원)"
"칵테일새우살(중, 450g)",17980,"(100g당 3,996원)"
x 오가닉광천김9봉,6980,"(10g당 1,939원)"
쇠미역기획(300g x 2팩),4980,(100g당 830원)
(균)먹태포50g,3980,"(100g당 7,960원)"
x 국내산건오징어1미(특대/85g),10980,"(100g당 12,918원)"
x 안주夜꾸이열풍아몬드50g,5480,"(100g당 10,960원)"
x 안주夜꾸이열풍청양맛50g,5480,"(100g당 10,960원)"
서울우유 1000ml,3150,(100ml당 315원)
서울 후레쉬밀크 900ml x 2,4980,(100ml당 553원)
빙그레 바나나우유 기획 240ml x 5,5380,"(100ml당 2,242원)"
매일두유 99.9 950ml,3500,(100ml당 368원)
빙그레 요플레 라이트 딸기 80g x 4,3780,(10g당 473원)
서울 저지방우유 1L x 2,5680,(100ml당 568원)
빙그레 요플레 딸기 180g,1980,(10g당 110원)
다논 그릭요거트 플레인 90g x 4,5280,(10g당 587원)
동원 비피더스 명장 사과 125ml x 8,2480,(10ml당 198원)
다논 하루요거트 사과 120ml x 4,3980,(10ml당 332원)
피코크 에이클래스 그릭 요거트 450g,4980,(10g당 111원)
남양 맛있는우유 GT 900ml x 2,5480,(100ml당 609원)
빙그레 요플레 라이트 슈퍼베리 80g x 4,3780,(10g당 473원)
매일 바이오 그릭 무가당 플레인 400g,4680,(10g당 117원)
덴마크구워먹는치즈125g,5680,(10g당 454원)
다논 하루요거트 포도 120ml x 4,3980,(10ml당 332원)
다논 그릭요거트 달지 않은 플레인 90g x 4,5280,(10g당 587원)
풀무원다논위솔루션130ml x 4,6480,(10ml당 498원)
서울우유 내안의 진짜 초코 280ml,1680,(100ml당 600원)
남양드빈치피자치즈1kg,12980,(10g당 130원)
매일 소화가 잘되는 우유 930ml,3790,(100ml당 408원)
서울우유 내안의 진짜 커피 280ml,1680,(100ml당 600원)
동원 이태리안피자치즈 280g(70g x 4),5980,(10g당 214원)
피코크 더 클래스우유 900ml,2280,(100ml당 253원)
덴마크 하이요구르트 100ml x 10,2980,(10ml당 298원)
매일 엔요 기획 100ml x 10,3680,(10ml당 368원)
덴마크 소화가 잘되는 우유 2.3L,6880,(100ml당 299원)
서울우유 더 진한 순수 플레인 1.8L,7980,(10ml당 44원)
서울우유 비요뜨 초코링 138g x 2,2950,(10g당 107원)
매일 소화가 잘되는 저지방우유 930ml,3790,(100ml당 408원)
덴마크 드링킹 요구르트 딸기 750ml,3780,(10ml당 50원)
삼육 검은콩호두아몬드190ml x 16입,16990,"(100ml당 8,942원)"
남양 불가리스 사과 150ml x 4,4880,(10ml당 325원)
매일 바이오 그릭 to go 허니 120g,2500,(10g당 208원)
정식품17곡한끼두유190ml x 16,19980,(100ml당 657원)
남양 이오 기획팩 80ml x 10,3680,(10ml당 460원)
다논 그릭 시그니처 150g,2900,(10g당 193원)
서울우유 어른을 위한 치즈 180g,6980,(10g당 388원)
삼육두유190ml x 16,14990,"(100ml당 7,889원)"
다논 생크림 요거트 플레인 80g x 4,3780,(10g당 118원)
짜요짜요포도맛 240g,1980,(10g당 83원)
남양 떠먹는불가리스제로 딸기 80g x 4,2980,(10g당 373원)
서울초코우유200ml,880,(100ml당 440원)
동원소와나무 생크림 요거트 85g x 8,5080,(10g당 598원)
서울스페셜버터240g,6900,"(100g당 2,875원)"
상하목장 유기농 멸균우유 200ml x 6,8580,"(100ml당 4,290원)"
베지밀 검은콩과 검은참깨 190ml x 16,19980,(100ml당 657원)
서울 더진한 플레인요거트 스위트 1L,3980,(10ml당 40원)
매일 저지방 1% 후레쉬팩 900ml,3150,(100ml당 350원)
빙그레 바나나맛우유 라이트 240ml,1480,(100ml당 617원)
서울우유 체다 270g x 2입,8980,(10g당 333원)
파스퇴르 후레쉬우유 900ml,3290,(100ml당 366원)
삼육두유B 950ml,2980,(100ml당 314원)
짜요짜요딸기맛240g,1980,(10g당 83원)
서울뼈에쏙쏙칼슘치즈180g,6980,(10g당 388원)
서울우유 내안의 진짜 딸기 280ml,1680,(100ml당 600원)
남양 고소한저지방GT 900ml x 2,4980,(100ml당 553원)
다논 액티비아컵 딸기맛 80g x 4,3780,(10g당 473원)
동원 고칼슘우유900ml x 2,4980,(100ml당 553원)
알라 크림치즈 플레인 150g,4200,(10g당 280원)
아몬드와호두베지밀 950ml,3350,(100ml당 353원)
삼육두유A 950ML,2980,(100ml당 314원)
덴마크 소화가 잘되는 우유 900ml x 2,5880,(100ml당 653원)
파스퇴르 후레쉬우유 1.8L,5980,(100ml당 332원)
남양 떠먹는 불가리스 85g x 10,5480,(10g당 645원)
서울우유 A2 플러스 우유 710ml,3780,(100ml당 532원)
남양 초코에몽 250ML,1400,(100ml당 560원)
파스퇴르 저지방우유900ml,3290,(100ml당 366원)
프리차드가염버터200g,5480,"(100g당 2,740원)"
BR 아몬드봉봉밀키드링크 300ml,2580,(100ml당 860원)
삼육 플러스두유 950ml,2980,(100ml당 314원)
셀렉스 프로핏 MPI 밀크바닐라 250ml,2900,"(100ml당 1,160원)"
다논 액티비아 컵 플레인 80g x 4,3780,(10g당 473원)
상하 체다슬라이스 340g(20매),5500,(10g당 153원)
황성주박사의 국산콩두유 무가당 190ml x 16,17800,(100ml당 586원)
삼육검은콩칼슘두유190ml x 24,17000,"(100ml당 8,947원)"
서울우유 커피포리 200ml x 4,4480,(100ml당 560원)
서울딸기우유200ml,880,(100ml당 440원)
베지밀 검은콩B 190ml x 24 (트레이),18980,(100ml당 416원)
황성주박사의 국산콩 검은콩고칼슘190ml x 16,17800,"(100ml당 9,368원)"
연세 뼈를생각한 고칼슘두유검은콩190ml x 16,15800,"(100ml당 8,316원)"
모짜렐라치즈227g,5900,(10g당 260원)
연세 검은콩&검은참깨 두유 190ml x 24,13500,(100ml당 296원)
필라델피아 크림치즈 190g,6450,(10g당 339원)
삼육 검은콩두유 190ml x 20(파우치),21800,"(100ml당 11,474원)"
매일 오리지널 후레쉬팩 900ml,3150,(100ml당 350원)
매일 어메이징오트 바리스타 950ml,4500,(100ml당 474원)
베지밀A 190ml x 16,15200,"(100ml당 8,000원)"
(B) 정식품 고단백두유 190ml x 24입,17980,(100ml당 394원)
셀렉스 프로핏 MPI 모카초콜릿 250ml,2900,"(100ml당 1,160원)"
피코크 에이클래스우유 900ml,2380,(100ml당 264원)
셀렉스 스포츠 웨이프로틴 초콜릿330ml,2780,(100ml당 842원)
다논 액티비아 컵 복숭아 80g x 4,3780,(10g당 473원)
동원 비피더스 명장 포도 125ml x 8,2480,(10ml당 198원)
황성주박사의 국산콩 호두아몬드 190ml x 16,17800,(100ml당 586원)
동원 덴마크 드링킹요구르트 플레인 750ml,3780,(10ml당 50원)
매일 바이오 플레인 450g,3980,(10g당 88원)
셀렉스 스포츠 웨이프로틴 복숭아330ml,2780,(100ml당 842원)
드빈치아기치즈1단계180g,6680,(10g당 371원)
남양요구르트65ml x 20,3280,(10ml당 505원)
서울뽀로로칼슘왕180g,4580,(10g당 254원)
연세아몬드잣두유190 x 15,17900,(100ml당 628원)
다논 그릭베리 90g x 4,5280,(10g당 587원)
뼈로가는칼슘치즈270G,9980,(10g당 370원)
(JN)건국 착한목장 무항생제 우유 750ml,3500,(100ml당 467원)
연세 뼈를생각한 고칼슘호두아몬드190ml x 16,15800,"(100ml당 8,316원)"
황성주 발아약콩 두유 190ml x 16,17800,(100ml당 586원)
연세검은콩고칼슘(파)190 x 15,17900,(100ml당 628원)
매일 바이오 플레인 저지방 450g,3980,(10g당 88원)
빙그레 요플레 그릭 마일드 400g,3980,(10g당 100원)
서울에프엔비 패밀리 요구르트 750ml,2200,(10ml당 29원)
매일 바이오 제로 190ml,1200,(10ml당 63원)
황성주박사의 고단백두유 190ml x 16,21800,(100ml당 717원)
동원 비피더스 명장 베리 125ml x 8,2480,(10ml당 198원)
hy 호우섬 홍콩밀크티 350ml,1980,(100ml당 566원)
베지밀A 병190ml,1400,(100ml당 737원)
동원 덴마크 후레쉬 모짜렐라 빅볼 125g,4980,(10g당 398원)
빙그레 딸기맛우유 240ml,1480,(100ml당 617원)
아몬드브리언스위트950ml,3800,(100ml당 400원)
매일 무지방 0% 후레쉬팩 900ml,3150,(100ml당 350원)
서울 목장의 신선한 우유 1L,3800,(100ml당 380원)
다논 요거톡 스타볼 132g x 2,2980,(10g당 226원)
hy 호우섬 홍콩밀크티 1L,4080,(100ml당 408원)
요즘 플레인 그릭요거트 100g,3900,(10g당 300원)
사푸토 스트링치즈 340g,8950,(10g당 263원)
다논 액티비아 드링크 화이트 130ml x 4,3580,(10ml당 275원)
매일 더블업 체다치즈 360g,7980,(10g당 222원)
셀렉스 프로틴 팩 190ml x 16,19000,(100ml당 625원)
다논 액티비아 드링크 사과 130ml x 4,3580,(10ml당 275원)
베지밀 검은콩고칼슘 파우치 190ml x 15,18750,(100ml당 658원)
빙그레 요플레 클래식 플레인 85g x 4,3780,(10g당 445원)
매일 바이오 그릭 to go 플레인 120g,2500,(10g당 208원)
빙그레 요플레 플레인 85g x 4,3780,(10g당 445원)
파스퇴르 위편한하루 150ml x 4,3280,(10ml당 219원)
필라델피아 크림치즈 포션 100g,4500,(10g당 450원)
아몬드브리오리지널950ml,3800,(100ml당 400원)
요즘 플레인 그릭요거트 소프트 100g,3500,(10g당 350원)
동원 체다 슬라이스 치즈 1.8kg,19980,(10g당 111원)
모짜렐라피자치즈420g(70g x 6),8980,(10g당 214원)
상하미니크림치즈48g,2700,(10g당 563원)
파스퇴르 쾌변 요구르트 사과 150ml x 4,5980,(10ml당 399원)
매일 알라 무염 버터 400g,9900,"(100g당 2,475원)"
동원 그린덴마크 아몬드 950ml,3980,(100ml당 419원)
파스퇴르프리미엄홈버터450g,7980,"(100g당 1,773원)"
동원 체다 슬라이스 치즈 270g,8980,(10g당 333원)
빙그레 요플레 플레인 180g,1980,(10g당 110원)
다논 요거톡 초코필로우 124g x 2,2980,(10g당 240원)
빙그레 요플레 당무첨가 80g x 4,3780,(10g당 473원)
다논 액티비아UP 드링크 딸기 210ml,2200,(10ml당 105원)
서울우유 200ML,1080,(100ml당 540원)
소와나무 체다치즈클래식204g,7980,(10g당 391원)
빙그레 투게더맛우유 240ml,1480,(100ml당 617원)
매일 소화가잘되는우유 단백질 930ml,4190,(100ml당 451원)
빙그레 바이오플레 사과 130ml x 8,2380,(10ml당 183원)
콜비잭치즈227g,5900,(10g당 260원)
매일 아몬드브리즈 언스위트 190ml,1690,(100ml당 889원)
메글레 동물성 휘핑크림 250g,5900,(10g당 236원)
서울우유 테이스트치즈 고칼슘 180g,6880,(10g당 382원)
상하 미니아몬드 고다 48g,2700,(10g당 563원)
빙그레 요플레 라이트 바나나 80g x 4,3780,(10g당 473원)
남양드빈치자연방목치즈255g,5480,(10g당 215원)
동원 덴마크 후레쉬 리코타치즈 150g,4980,(10g당 332원)
동원 덴마크 후레쉬 모짜렐라 미니 125g,4980,(10g당 398원)
매일 지방을 낮춘 고단백치즈 270g,9980,(10g당 370원)
동원 그린덴마크 귀리 950ml,3980,(100ml당 419원)
그랑도르 까망베르 125g,5500,(10g당 440원)
빙그레 바나나맛우유 라이트 240ml x 4,5920,"(100ml당 2,467원)"
서울우유 연유500g,5500,"(100g당 1,100원)"
끼리 크림치즈 오리지널200g,8000,(10g당 400원)
끼리 크림치즈 플레인 98g,5980,(10g당 610원)
래핑카우 120g,6180,(10g당 515원)
동원 짜지않은치즈252g,6980,(10g당 277원)
상하미니칼슘체다48g,2700,(10g당 563원)
매일 어메이징오트 초콜릿 330ml,2980,(100ml당 903원)
매일루어팍가염포션버터10g x 18,9900,"(100g당 5,500원)"
살구앤아몬드치즈125g,5800,(10g당 464원)
매일 어메이징오트 오리지널 190ml,1500,(100ml당 789원)
연세 블루베리 요거트 300ml,2280,(10ml당 76원)
동원파마산치즈블렌드85g,4380,(10g당 515원)
Deal.트리플 피자치즈 320g,6980,(10g당 218원)
매일 허쉬 초콜릿 드링크 235ml x 4,5480,"(100ml당 2,332원)"
끼리 딥앤크런치 플레인 105g,6380,(10g당 608원)
다논 액티비아UP 드링크 복숭아 210ml,2200,(10ml당 105원)
매일 어메이징오트 커피 330ml,2980,(100ml당 903원)
매일유업아몬드브리즈프로틴190ml,1690,(100ml당 889원)
BR 엄마는외계인드링크 300ml,2580,(100ml당 860원)
빙그레 더단백 드링크 초코 250ml,2700,"(100ml당 1,080원)"
롯데 프라임 마가린 450g,3500,(100g당 778원)
그린덴마크 아몬드 190ml,1500,(100ml당 789원)
벨큐브플레인125G,10580,(10g당 846원)
hy 호우섬 화이트타로 밀크티 350ml,2300,(100ml당 657원)
매일 어메이징오트 언스위트 190ml,1500,(100ml당 789원)
덴마크 산양프로틴 치즈 220g,9980,(10g당 454원)
동원덴마크 산양우유 750ml,6980,(100ml당 931원)
매일 아몬드브리즈 오리지널 190ml,1690,(100ml당 889원)
남양 테이크핏 맥스 고소한맛 250ml,2700,"(100ml당 1,080원)"
드빈치아기치즈2단계180g,6680,(10g당 371원)
제르미 스모크 치즈 디스크 100g,3580,(10g당 358원)
빙그레 뽀로로와 친구들 80ml x 5,2480,(10ml당 310원)
매일 바이오 드링킹 블루베리 250ml,2000,(10ml당 80원)
빙그레 더단백 드링크 커피 250ml,2700,"(100ml당 1,080원)"
매일 바나나는 하얗다 190ml x 6,6500,(100ml당 570원)
빙그레 닥터캡슐 사과 130ml x 4,3980,(10ml당 306원)
연세 딸기 요거트 300ml,2280,(10ml당 76원)
서울우유 A2 플러스 우유 180ml,1500,(100ml당 833원)
그라나 파다노 150g,10980,(10g당 732원)
삼육두유B 파우치 190ml x 15,14980,"(100ml당 7,884원)"
그린 올리브 절임 200g,5980,(10g당 299원)
망고앤멜론치즈125g,5800,(10g당 464원)
베지밀B 병190ml,1400,(100ml당 737원)
빙그레 프로틴 스트링치즈 20g x 10,12980,"(10g당 6,490원)"
삼육두유A 파우치 190ml x 15,14980,"(100ml당 7,884원)"
(B) 정식품 야채가득 V19 145ml x 24,13980,(100ml당 402원)
베지밀B병190ml x 10,14000,"(100ml당 7,368원)"
hy 야쿠르트 1971 750ml,2980,(10ml당 40원)
오트사이드 바리스타블렌드 1L,4500,(100ml당 450원)
QBB 헬로키티 치즈 30g,5980,"(10g당 1,993원)"
그린덴마크 귀리 190ml,1500,(100ml당 789원)
매일 저지방 2% 후레쉬팩 900ml,3150,(100ml당 350원)
오트사이드 초콜릿맛 1L,4500,(100ml당 450원)
남양 테이크핏 맥스 바나나맛 250ml,2700,"(100ml당 1,080원)"
상하목장 유기농 저지방우유 750ml,5700,(100ml당 760원)
